ETAM,https://www.etam.com/dw/image/v2/AAWW_PRD/on/demandware.static/-/Sites-EPAP-master/default/dw8dcbf546/653201948_a.jpg?sw=400&sh=477&strip=false,"BADIE, Chemisier, poches plaquées",Printemps 2022,Chemisiers et blouses,Néo-romantique
ETAM,https://www.etam.com/dw/image/v2/AAWW_PRD/on/demandware.static/-/Sites-EPAP-master/default/dw2617affc/653203447_a.jpg?sw=400&sh=477&strip=false,"BLANCA, Chemisier, col à volants",Printemps 2022,Chemisiers et blouses,Néo-romantique
ETAM,https://www.etam.com/dw/image/v2/AAWW_PRD/on/demandware.static/-/Sites-EPAP-master/default/dw8415b696/653282447_a.jpg?sw=400&sh=477&strip=false,"ORIANNE, Chemisier, transparent",Printemps 2022,Chemisiers et blouses,Néo-romantique
ETAM,https://www.etam.com/dw/image/v2/AAWW_PRD/on/demandware.static/-/Sites-EPAP-master/default/dw723ea4ed/653239001_a.jpg?sw=400&sh=477&strip=false,"CHARLIE, Chemise, coton",Printemps 2022,Chemisiers et blouses,Néo-romantique
ETAM,https://www.etam.com/dw/image/v2/AAWW_PRD/on/demandware.static/-/Sites-EPAP-master/default/dw0f18fe45/653210948_a.jpg?sw=400&sh=477&strip=false,"BAPTISTE, Blouse, col rond",Printemps 2022,Chemisiers et blouses,Néo-romantique
ETAM,https://www.etam.com/dw/image/v2/AAWW_PRD/on/demandware.static/-/Sites-EPAP-master/default/dw4388c81e/653241301_a.jpg?sw=400&sh=477&strip=false,"CANDICE, Chemisier, coton",Printemps 2022,Chemisiers et blouses,Néo-romantique
ETAM,https://www.etam.com/dw/image/v2/AAWW_PRD/on/demandware.static/-/Sites-EPAP-master/default/dw5e662641/653203460_a.jpg?sw=400&sh=477&strip=false,"BLANCA, Chemisier col à volants",Printemps 2022,Chemisiers et blouses,Néo-romantique
ETAM,https://www.etam.com/dw/image/v2/AAWW_PRD/on/demandware.static/-/Sites-EPAP-master/default/dw7597cea8/652954431_a.jpg?sw=400&sh=477&strip=false,"SILKY, Chemisier, soie",Printemps 2022,Chemisiers et blouses,Néo-romantique
ETAM,https://www.etam.com/dw/image/v2/AAWW_PRD/on/demandware.static/-/Sites-EPAP-master/default/dw62cc8157/653271902_a.jpg?sw=400&sh=477&strip=false,"GLAM, Chemisier, transparent",Printemps 2022,Chemisiers et blouses,Néo-romantique
ETAM,https://www.etam.com/dw/image/v2/AAWW_PRD/on/demandware.static/-/Sites-EPAP-master/default/dwb68dadec/653135507_a.jpg?sw=400&sh=477&strip=false,"BELLA, Combinaison, maille, avec poches",Printemps 2022,Combinaisons et salopettes,Néo-romantique
